{"v":"5.5.7","meta":{"g":"LottieFiles AE 0.1.20","a":"","k":"","d":"","tc":""},"fr":25,"ip":0,"op":100,"w":1000,"h":1000,"nm":"Xmas_32_Balloon_Red","ddd":0,"assets":[],"layers":[{"ddd":0,"ind":1,"ty":4,"nm":"Bottom part ","parent":3,"sr":1,"ks":{"o":{"a":0,"k":100,"ix":11},"r":{"a":1,"k":[{"i":{"x":[0.782],"y":[1]},"o":{"x":[0.861],"y":[0]},"t":10,"s":[-180]},{"i":{"x":[0.667],"y":[1]},"o":{"x":[0.333],"y":[0]},"t":25,"s":[-183]},{"i":{"x":[0.491],"y":[1]},"o":{"x":[0.527],"y":[0]},"t":35,"s":[-170]},{"i":{"x":[0.667],"y":[1]},"o":{"x":[0.333],"y":[0]},"t":45,"s":[-188]},{"i":{"x":[0.667],"y":[1]},"o":{"x":[0.333],"y":[0]},"t":55,"s":[-175]},{"i":{"x":[0.764],"y":[0.887]},"o":{"x":[0.478],"y":[0]},"t":65,"s":[-183]},{"i":{"x":[0.442],"y":[1]},"o":{"x":[0.272],"y":[-0.588]},"t":75,"s":[-178.5]},{"t":90,"s":[-180]}],"ix":10},"p":{"a":0,"k":[13.517,255.602,0],"ix":2},"a":{"a":0,"k":[40.086,25,0],"ix":1},"s":{"a":0,"k":[185,185,100],"ix":6}},"ao":0,"shapes":[{"ty":"gr","it":[{"ind":0,"ty":"sh","ix":1,"ks":{"a":0,"k":{"i":[[5.309,0],[0,0],[-1.679,5.037],[0,0],[-3.348,0],[-1.059,-3.177],[0,0]],"o":[[0,0],[-5.31,0],[0,0],[1.059,-3.177],[3.348,0],[0,0],[1.679,5.037]],"v":[[6.028,16.82],[-6.027,16.82],[-13.407,6.581],[-7.38,-11.501],[0.001,-16.82],[7.38,-11.501],[13.407,6.581]],"c":true},"ix":2},"nm":"Path 1","mn":"ADBE Vector Shape - Group","hd":false},{"ty":"st","c":{"a":0,"k":[0.702,0.6941,0.6745,1],"ix":3},"o":{"a":0,"k":100,"ix":4},"w":{"a":0,"k":10,"ix":5},"lc":2,"lj":2,"bm":0,"nm":"Stroke 1","mn":"ADBE Vector Graphic - Stroke","hd":false},{"ty":"tr","p":{"a":0,"k":[40.086,41.82],"ix":2},"a":{"a":0,"k":[0,0],"ix":1},"s":{"a":0,"k":[100,100],"ix":3},"r":{"a":0,"k":0,"ix":6},"o":{"a":0,"k":100,"ix":7},"sk":{"a":0,"k":0,"ix":4},"sa":{"a":0,"k":0,"ix":5},"nm":"Transform"}],"nm":"Group 1","np":3,"cix":2,"bm":0,"ix":1,"mn":"ADBE Vector Group","hd":false}],"ip":0,"op":100,"st":0,"bm":0},{"ddd":0,"ind":2,"ty":4,"nm":"Balloon Stroke ","parent":1,"sr":1,"ks":{"o":{"a":0,"k":100,"ix":11},"r":{"a":1,"k":[{"i":{"x":[0.782],"y":[1]},"o":{"x":[0.861],"y":[0]},"t":12,"s":[0]},{"i":{"x":[0.667],"y":[1]},"o":{"x":[0.333],"y":[0]},"t":27,"s":[-3]},{"i":{"x":[0.491],"y":[1]},"o":{"x":[0.527],"y":[0]},"t":37,"s":[10]},{"i":{"x":[0.667],"y":[1]},"o":{"x":[0.333],"y":[0]},"t":47,"s":[-8]},{"i":{"x":[0.667],"y":[1]},"o":{"x":[0.333],"y":[0]},"t":57,"s":[5]},{"i":{"x":[0.764],"y":[0.887]},"o":{"x":[0.478],"y":[0]},"t":67,"s":[-3]},{"i":{"x":[0.442],"y":[1]},"o":{"x":[0.272],"y":[-0.588]},"t":77,"s":[1.5]},{"t":92,"s":[0]}],"ix":10},"p":{"a":0,"k":[40.366,25,0],"ix":2},"a":{"a":0,"k":[137.13,296.355,0],"ix":1},"s":{"a":0,"k":[100,100,100],"ix":6}},"ao":0,"shapes":[{"ty":"gr","it":[{"ind":0,"ty":"sh","ix":1,"ks":{"a":0,"k":{"i":[[0,-74.933],[61.928,0],[0,74.933],[-61.928,0]],"o":[[0,74.933],[-61.928,0],[0,-74.933],[61.928,0]],"v":[[112.13,-17.94],[0,135.677],[-112.13,-17.94],[0,-135.677]],"c":true},"ix":2},"nm":"Path 1","mn":"ADBE Vector Shape - Group","hd":false},{"ty":"st","c":{"a":0,"k":[0.702,0.6941,0.6745,1],"ix":3},"o":{"a":0,"k":100,"ix":4},"w":{"a":0,"k":10,"ix":5},"lc":2,"lj":2,"bm":0,"nm":"Stroke 1","mn":"ADBE Vector Graphic - Stroke","hd":false},{"ty":"tr","p":{"a":0,"k":[137.13,160.677],"ix":2},"a":{"a":0,"k":[0,0],"ix":1},"s":{"a":0,"k":[100,100],"ix":3},"r":{"a":0,"k":0,"ix":6},"o":{"a":0,"k":100,"ix":7},"sk":{"a":0,"k":0,"ix":4},"sa":{"a":0,"k":0,"ix":5},"nm":"Transform"}],"nm":"Group 1","np":2,"cix":2,"bm":0,"ix":1,"mn":"ADBE Vector Group","hd":false}],"ip":0,"op":100,"st":0,"bm":0},{"ddd":0,"ind":3,"ty":4,"nm":"Line","parent":4,"sr":1,"ks":{"o":{"a":0,"k":100,"ix":11},"r":{"a":1,"k":[{"i":{"x":[0.782],"y":[1]},"o":{"x":[0.861],"y":[0]},"t":10,"s":[180]},{"i":{"x":[0.667],"y":[1]},"o":{"x":[0.333],"y":[0]},"t":25,"s":[177]},{"i":{"x":[0.491],"y":[1]},"o":{"x":[0.527],"y":[0]},"t":35,"s":[190]},{"i":{"x":[0.667],"y":[1]},"o":{"x":[0.333],"y":[0]},"t":45,"s":[172]},{"i":{"x":[0.667],"y":[1]},"o":{"x":[0.333],"y":[0]},"t":55,"s":[185]},{"i":{"x":[0.764],"y":[0.887]},"o":{"x":[0.478],"y":[0]},"t":65,"s":[177]},{"i":{"x":[0.442],"y":[1]},"o":{"x":[0.272],"y":[-0.588]},"t":75,"s":[181.5]},{"t":90,"s":[180]}],"ix":10},"p":{"a":0,"k":[52.393,151.711,0],"ix":2},"a":{"a":0,"k":[10,10,0],"ix":1},"s":{"a":0,"k":[100,100,100],"ix":6}},"ao":0,"shapes":[{"ty":"gr","it":[{"ind":0,"ty":"sh","ix":1,"ks":{"a":1,"k":[{"i":{"x":0.782,"y":1},"o":{"x":0.861,"y":0},"t":10,"s":[{"i":[[-0.037,-14.613],[0,-19.281],[-0.052,-30.677],[0,0]],"o":[[0.087,33.987],[0,18.627],[0.036,21.217],[0,0]],"v":[[10.143,17.723],[10,77.529],[9.918,117.396],[10,159.6]],"c":false}]},{"i":{"x":0.667,"y":1},"o":{"x":0.333,"y":0},"t":25,"s":[{"i":[[1.114,-9.501],[-0.21,-21.436],[0.825,-40.817],[0,0]],"o":[[-4.138,23.658],[-0.3,23.263],[-0.126,16.121],[0,0]],"v":[[10.798,16.79],[-2.563,71.58],[11.323,129.626],[10,159.6]],"c":false}]},{"i":{"x":0.491,"y":1},"o":{"x":0.527,"y":0},"t":35,"s":[{"i":[[-2.924,-2.629],[0.033,-30.551],[-1.43,-55.782],[0,0]],"o":[[14.507,13.041],[-0.702,29.455],[0.22,8.566],[0,0]],"v":[[0.14,10.474],[50.86,66.466],[22.887,143.477],[10,159.6]],"c":false}]},{"i":{"x":0.667,"y":1},"o":{"x":0.333,"y":0},"t":45,"s":[{"i":[[2.073,-2.669],[-0.436,-24.962],[1.639,-54.51],[0,0]],"o":[[-7.256,10.19],[-0.702,29.455],[-0.283,9.236],[0,0]],"v":[[10.473,15.017],[-21.651,66.347],[4.6,148.122],[10,159.6]],"c":false}]},{"i":{"x":0.667,"y":1},"o":{"x":0.333,"y":0},"t":55,"s":[{"i":[[-0.59,-3.669],[0.632,-33.677],[1.23,-12.158],[0,0]],"o":[[1.671,10.39],[-0.702,29.455],[-0.919,9.081],[0,0]],"v":[[11,15.603],[15.158,83.973],[11.638,146.1],[10,159.6]],"c":false}]},{"i":{"x":0.764,"y":0.716},"o":{"x":0.478,"y":0},"t":65,"s":[{"i":[[0.18,-3.928],[0.632,-33.677],[-0.915,-11.436],[0,0]],"o":[[-0.511,11.125],[-0.702,29.455],[0.683,8.542],[0,0]],"v":[[9.708,16.038],[7.503,86.548],[8.636,147.11],[10,159.6]],"c":false}]},{"i":{"x":0.442,"y":1},"o":{"x":0.272,"y":0.981},"t":75,"s":[{"i":[[-0.206,-7.079],[0.491,-5.562],[0.272,-18.754],[0,0]],"o":[[0.584,20.047],[-0.484,5.62],[-0.203,14.007],[0,0]],"v":[[10.354,21.777],[11.501,86.522],[10.323,134.028],[10,159.6]],"c":false}]},{"t":90,"s":[{"i":[[-0.037,-14.613],[0,-19.281],[-0.052,-30.677],[0,0]],"o":[[0.087,33.987],[0,18.627],[0.036,21.217],[0,0]],"v":[[10.143,17.723],[10,77.529],[9.918,117.396],[10,159.6]],"c":false}]}],"ix":2},"nm":"Path 1","mn":"ADBE Vector Shape - Group","hd":false},{"ty":"st","c":{"a":0,"k":[0.702,0.6941,0.6745,1],"ix":3},"o":{"a":0,"k":100,"ix":4},"w":{"a":0,"k":20,"ix":5},"lc":2,"lj":2,"bm":0,"nm":"Stroke 1","mn":"ADBE Vector Graphic - Stroke","hd":false},{"ty":"tr","p":{"a":0,"k":[0,0],"ix":2},"a":{"a":0,"k":[0,0],"ix":1},"s":{"a":0,"k":[100,119],"ix":3},"r":{"a":0,"k":0,"ix":6},"o":{"a":0,"k":100,"ix":7},"sk":{"a":0,"k":0,"ix":4},"sa":{"a":0,"k":0,"ix":5},"nm":"Transform"}],"nm":"Group 1","np":2,"cix":2,"bm":0,"ix":1,"mn":"ADBE Vector Group","hd":false}],"ip":0,"op":100,"st":0,"bm":0},{"ddd":0,"ind":4,"ty":3,"nm":"Position Controller","sr":1,"ks":{"o":{"a":0,"k":0,"ix":11},"r":{"a":0,"k":0,"ix":10},"p":{"a":1,"k":[{"i":{"x":0.667,"y":1},"o":{"x":0.333,"y":0},"t":0,"s":[501.607,783.989,0],"to":[0,0,0],"ti":[0,0,0]},{"i":{"x":0.667,"y":1},"o":{"x":0.333,"y":0},"t":50,"s":[501.607,763.989,0],"to":[0,0,0],"ti":[0,0,0]},{"t":100,"s":[501.607,783.989,0]}],"ix":2},"a":{"a":0,"k":[50,50,0],"ix":1},"s":{"a":0,"k":[100,100,100],"ix":6}},"ao":0,"ip":0,"op":100,"st":-2,"bm":0}],"markers":[]}