{"nm":"Xmas_32_Balloon_Red","ddd":0,"h":1000,"w":1000,"meta":{"g":"LottieFiles AE 0.1.20"},"layers":[{"ty":4,"nm":"Bottom part ","sr":1,"st":0,"op":100,"ip":0,"hd":false,"ddd":0,"bm":0,"hasMask":false,"ao":0,"ks":{"a":{"a":0,"k":[40.086,25,0],"ix":1},"s":{"a":0,"k":[185,185,100],"ix":6},"sk":{"a":0,"k":0},"p":{"a":0,"k":[13.517,255.602,0],"ix":2},"r":{"a":1,"k":[{"o":{"x":0.861,"y":0},"i":{"x":0.782,"y":1},"s":[-180],"t":10},{"o":{"x":0.333,"y":0},"i":{"x":0.667,"y":1},"s":[-183],"t":25},{"o":{"x":0.527,"y":0},"i":{"x":0.491,"y":1},"s":[-170],"t":35},{"o":{"x":0.333,"y":0},"i":{"x":0.667,"y":1},"s":[-188],"t":45},{"o":{"x":0.333,"y":0},"i":{"x":0.667,"y":1},"s":[-175],"t":55},{"o":{"x":0.478,"y":0},"i":{"x":0.764,"y":0.887},"s":[-183],"t":65},{"o":{"x":0.272,"y":-0.588},"i":{"x":0.442,"y":1},"s":[-178.5],"t":75},{"s":[-180],"t":90}],"ix":10},"sa":{"a":0,"k":0},"o":{"a":0,"k":100,"ix":11}},"ef":[],"shapes":[{"ty":"gr","bm":0,"hd":false,"mn":"ADBE Vector Group","nm":"Group 1","ix":1,"cix":2,"np":3,"it":[{"ty":"sh","bm":0,"hd":false,"mn":"ADBE Vector Shape - Group","nm":"Path 1","ix":1,"d":1,"ks":{"a":0,"k":{"c":true,"i":[[5.309,0],[0,0],[-1.679,5.037],[0,0],[-3.348,0],[-1.059,-3.177],[0,0]],"o":[[0,0],[-5.31,0],[0,0],[1.059,-3.177],[3.348,0],[0,0],[1.679,5.037]],"v":[[6.028,16.82],[-6.027,16.82],[-13.407,6.581],[-7.38,-11.501],[0.001,-16.82],[7.38,-11.501],[13.407,6.581]]},"ix":2}},{"ty":"st","bm":0,"hd":false,"mn":"ADBE Vector Graphic - Stroke","nm":"Stroke 1","lc":2,"lj":2,"ml":1,"o":{"a":0,"k":100,"ix":4},"w":{"a":0,"k":10,"ix":5},"c":{"a":0,"k":[0.9608,0.5333,0.0157],"ix":3}},{"ty":"tr","a":{"a":0,"k":[0,0],"ix":1},"s":{"a":0,"k":[100,100],"ix":3},"sk":{"a":0,"k":0,"ix":4},"p":{"a":0,"k":[40.086,41.82],"ix":2},"r":{"a":0,"k":0,"ix":6},"sa":{"a":0,"k":0,"ix":5},"o":{"a":0,"k":100,"ix":7}}]}],"ind":1,"parent":3},{"ty":4,"nm":"Balloon Stroke ","sr":1,"st":0,"op":100,"ip":0,"hd":false,"ddd":0,"bm":0,"hasMask":false,"ao":0,"ks":{"a":{"a":0,"k":[137.13,296.355,0],"ix":1},"s":{"a":0,"k":[100,100,100],"ix":6},"sk":{"a":0,"k":0},"p":{"a":0,"k":[40.366,25,0],"ix":2},"r":{"a":1,"k":[{"o":{"x":0.861,"y":0},"i":{"x":0.782,"y":1},"s":[0],"t":12},{"o":{"x":0.333,"y":0},"i":{"x":0.667,"y":1},"s":[-3],"t":27},{"o":{"x":0.527,"y":0},"i":{"x":0.491,"y":1},"s":[10],"t":37},{"o":{"x":0.333,"y":0},"i":{"x":0.667,"y":1},"s":[-8],"t":47},{"o":{"x":0.333,"y":0},"i":{"x":0.667,"y":1},"s":[5],"t":57},{"o":{"x":0.478,"y":0},"i":{"x":0.764,"y":0.887},"s":[-3],"t":67},{"o":{"x":0.272,"y":-0.588},"i":{"x":0.442,"y":1},"s":[1.5],"t":77},{"s":[0],"t":92}],"ix":10},"sa":{"a":0,"k":0},"o":{"a":0,"k":100,"ix":11}},"ef":[],"shapes":[{"ty":"gr","bm":0,"hd":false,"mn":"ADBE Vector Group","nm":"Group 1","ix":1,"cix":2,"np":2,"it":[{"ty":"sh","bm":0,"hd":false,"mn":"ADBE Vector Shape - Group","nm":"Path 1","ix":1,"d":1,"ks":{"a":0,"k":{"c":true,"i":[[0,-74.933],[61.928,0],[0,74.933],[-61.928,0]],"o":[[0,74.933],[-61.928,0],[0,-74.933],[61.928,0]],"v":[[112.13,-17.94],[0,135.677],[-112.13,-17.94],[0,-135.677]]},"ix":2}},{"ty":"st","bm":0,"hd":false,"mn":"ADBE Vector Graphic - Stroke","nm":"Stroke 1","lc":2,"lj":2,"ml":1,"o":{"a":0,"k":100,"ix":4},"w":{"a":0,"k":10,"ix":5},"c":{"a":0,"k":[0.9608,0.5333,0.0157],"ix":3}},{"ty":"tr","a":{"a":0,"k":[0,0],"ix":1},"s":{"a":0,"k":[100,100],"ix":3},"sk":{"a":0,"k":0,"ix":4},"p":{"a":0,"k":[137.13,160.677],"ix":2},"r":{"a":0,"k":0,"ix":6},"sa":{"a":0,"k":0,"ix":5},"o":{"a":0,"k":100,"ix":7}}]}],"ind":2,"parent":1},{"ty":4,"nm":"Line","sr":1,"st":0,"op":100,"ip":0,"hd":false,"ddd":0,"bm":0,"hasMask":false,"ao":0,"ks":{"a":{"a":0,"k":[10,10,0],"ix":1},"s":{"a":0,"k":[100,100,100],"ix":6},"sk":{"a":0,"k":0},"p":{"a":0,"k":[52.393,151.711,0],"ix":2},"r":{"a":1,"k":[{"o":{"x":0.861,"y":0},"i":{"x":0.782,"y":1},"s":[180],"t":10},{"o":{"x":0.333,"y":0},"i":{"x":0.667,"y":1},"s":[177],"t":25},{"o":{"x":0.527,"y":0},"i":{"x":0.491,"y":1},"s":[190],"t":35},{"o":{"x":0.333,"y":0},"i":{"x":0.667,"y":1},"s":[172],"t":45},{"o":{"x":0.333,"y":0},"i":{"x":0.667,"y":1},"s":[185],"t":55},{"o":{"x":0.478,"y":0},"i":{"x":0.764,"y":0.887},"s":[177],"t":65},{"o":{"x":0.272,"y":-0.588},"i":{"x":0.442,"y":1},"s":[181.5],"t":75},{"s":[180],"t":90}],"ix":10},"sa":{"a":0,"k":0},"o":{"a":0,"k":100,"ix":11}},"ef":[],"shapes":[{"ty":"gr","bm":0,"hd":false,"mn":"ADBE Vector Group","nm":"Group 1","ix":1,"cix":2,"np":2,"it":[{"ty":"sh","bm":0,"hd":false,"mn":"ADBE Vector Shape - Group","nm":"Path 1","ix":1,"d":1,"ks":{"a":1,"k":[{"o":{"x":0.861,"y":0},"i":{"x":0.782,"y":1},"s":[{"c":false,"i":[[-0.037,-14.613],[0,-19.281],[-0.052,-30.677],[0,0]],"o":[[0.087,33.987],[0,18.627],[0.036,21.217],[0,0]],"v":[[10.143,17.723],[10,77.529],[9.918,117.396],[10,159.6]]}],"t":10},{"o":{"x":0.333,"y":0},"i":{"x":0.667,"y":1},"s":[{"c":false,"i":[[1.114,-9.501],[-0.21,-21.436],[0.825,-40.817],[0,0]],"o":[[-4.138,23.658],[-0.3,23.263],[-0.126,16.121],[0,0]],"v":[[10.798,16.79],[-2.563,71.58],[11.323,129.626],[10,159.6]]}],"t":25},{"o":{"x":0.527,"y":0},"i":{"x":0.491,"y":1},"s":[{"c":false,"i":[[-2.924,-2.629],[0.033,-30.551],[-1.43,-55.782],[0,0]],"o":[[14.507,13.041],[-0.702,29.455],[0.22,8.566],[0,0]],"v":[[0.14,10.474],[50.86,66.466],[22.887,143.477],[10,159.6]]}],"t":35},{"o":{"x":0.333,"y":0},"i":{"x":0.667,"y":1},"s":[{"c":false,"i":[[2.073,-2.669],[-0.436,-24.962],[1.639,-54.51],[0,0]],"o":[[-7.256,10.19],[-0.702,29.455],[-0.283,9.236],[0,0]],"v":[[10.473,15.017],[-21.651,66.347],[4.6,148.122],[10,159.6]]}],"t":45},{"o":{"x":0.333,"y":0},"i":{"x":0.667,"y":1},"s":[{"c":false,"i":[[-0.59,-3.669],[0.632,-33.677],[1.23,-12.158],[0,0]],"o":[[1.671,10.39],[-0.702,29.455],[-0.919,9.081],[0,0]],"v":[[11,15.603],[15.158,83.973],[11.638,146.1],[10,159.6]]}],"t":55},{"o":{"x":0.478,"y":0},"i":{"x":0.764,"y":0.716},"s":[{"c":false,"i":[[0.18,-3.928],[0.632,-33.677],[-0.915,-11.436],[0,0]],"o":[[-0.511,11.125],[-0.702,29.455],[0.683,8.542],[0,0]],"v":[[9.708,16.038],[7.503,86.548],[8.636,147.11],[10,159.6]]}],"t":65},{"o":{"x":0.272,"y":0.981},"i":{"x":0.442,"y":1},"s":[{"c":false,"i":[[-0.206,-7.079],[0.491,-5.562],[0.272,-18.754],[0,0]],"o":[[0.584,20.047],[-0.484,5.62],[-0.203,14.007],[0,0]],"v":[[10.354,21.777],[11.501,86.522],[10.323,134.028],[10,159.6]]}],"t":75},{"s":[{"c":false,"i":[[-0.037,-14.613],[0,-19.281],[-0.052,-30.677],[0,0]],"o":[[0.087,33.987],[0,18.627],[0.036,21.217],[0,0]],"v":[[10.143,17.723],[10,77.529],[9.918,117.396],[10,159.6]]}],"t":90}],"ix":2}},{"ty":"st","bm":0,"hd":false,"mn":"ADBE Vector Graphic - Stroke","nm":"Stroke 1","lc":2,"lj":2,"ml":1,"o":{"a":0,"k":100,"ix":4},"w":{"a":0,"k":20,"ix":5},"c":{"a":0,"k":[0.9608,0.5333,0.0157],"ix":3}},{"ty":"tr","a":{"a":0,"k":[0,0],"ix":1},"s":{"a":0,"k":[100,119],"ix":3},"sk":{"a":0,"k":0,"ix":4},"p":{"a":0,"k":[0,0],"ix":2},"r":{"a":0,"k":0,"ix":6},"sa":{"a":0,"k":0,"ix":5},"o":{"a":0,"k":100,"ix":7}}]}],"ind":3,"parent":4},{"ty":3,"nm":"Position Controller","sr":1,"st":-2,"op":100,"ip":0,"hd":false,"ddd":0,"bm":0,"hasMask":false,"ao":0,"ks":{"a":{"a":0,"k":[50,50,0],"ix":1},"s":{"a":0,"k":[100,100,100],"ix":6},"sk":{"a":0,"k":0},"p":{"a":1,"k":[{"o":{"x":0.333,"y":0},"i":{"x":0.667,"y":1},"s":[501.607,783.989,0],"t":0,"ti":[0,0,0],"to":[0,0,0]},{"o":{"x":0.333,"y":0},"i":{"x":0.667,"y":1},"s":[501.607,763.989,0],"t":50,"ti":[0,0,0],"to":[0,0,0]},{"s":[501.607,783.989,0],"t":100}],"ix":2},"r":{"a":0,"k":0,"ix":10},"sa":{"a":0,"k":0},"o":{"a":0,"k":0,"ix":11}},"ef":[],"ind":4}],"v":"5.5.7","fr":25,"op":100,"ip":0,"assets":[]}